Comunidad,Grupo Penal,Año,Hechos esclarecidos
Total Nacional,Acceso e interceptación ilícita,2019,998.0
Total Nacional,Acceso e interceptación ilícita,2018,999.0
Total Nacional,Acceso e interceptación ilícita,2017,819.0
Total Nacional,Acceso e interceptación ilícita,2016,845.0
Total Nacional,Acceso e interceptación ilícita,2015,724.0
Total Nacional,Acceso e interceptación ilícita,2014,596.0
Total Nacional,Acceso e interceptación ilícita,2013,599.0
Total Nacional,Acceso e interceptación ilícita,2012,561.0
Total Nacional,Acceso e interceptación ilícita,2011,420.0
Total Nacional,Amenazas y coacciones,2019,7893.0
Total Nacional,Amenazas y coacciones,2018,7668.0
Total Nacional,Amenazas y coacciones,2017,7618.0
Total Nacional,Amenazas y coacciones,2016,7070.0
Total Nacional,Amenazas y coacciones,2015,6733.0
Total Nacional,Amenazas y coacciones,2014,6756.0
Total Nacional,Amenazas y coacciones,2013,6434.0
Total Nacional,Amenazas y coacciones,2012,6333.0
Total Nacional,Amenazas y coacciones,2011,6390.0
Total Nacional,Contra el honor,2019,821.0
Total Nacional,Contra el honor,2018,851.0
Total Nacional,Contra el honor,2017,917.0
Total Nacional,Contra el honor,2016,943.0
Total Nacional,Contra el honor,2015,1296.0
Total Nacional,Contra el honor,2014,1317.0
Total Nacional,Contra el honor,2013,1178.0
Total Nacional,Contra el honor,2012,1095.0
Total Nacional,Contra el honor,2011,1004.0
Total Nacional,Contra la propiedad industrial/intelectual,2019,130.0
Total Nacional,Contra la propiedad industrial/intelectual,2018,179.0
Total Nacional,Contra la propiedad industrial/intelectual,2017,88.0
Total Nacional,Contra la propiedad industrial/intelectual,2016,78.0
Total Nacional,Contra la propiedad industrial/intelectual,2015,127.0
Total Nacional,Contra la propiedad industrial/intelectual,2014,142.0
Total Nacional,Contra la propiedad industrial/intelectual,2013,112.0
Total Nacional,Contra la propiedad industrial/intelectual,2012,104.0
Total Nacional,Contra la propiedad industrial/intelectual,2011,170.0
Total Nacional,Delitos sexuales,2019,1126.0
Total Nacional,Delitos sexuales,2018,1024.0
Total Nacional,Delitos sexuales,2017,913.0
Total Nacional,Delitos sexuales,2016,839.0
Total Nacional,Delitos sexuales,2015,885.0
Total Nacional,Delitos sexuales,2014,676.0
Total Nacional,Delitos sexuales,2013,543.0
Total Nacional,Delitos sexuales,2012,497.0
Total Nacional,Delitos sexuales,2011,406.0
Total Nacional,Falsificación informática,2019,1098.0
Total Nacional,Falsificación informática,2018,1036.0
Total Nacional,Falsificación informática,2017,1023.0
Total Nacional,Falsificación informática,2016,796.0
Total Nacional,Falsificación informática,2015,684.0
Total Nacional,Falsificación informática,2014,504.0
Total Nacional,Falsificación informática,2013,447.0
Total Nacional,Falsificación informática,2012,455.0
Total Nacional,Falsificación informática,2011,392.0
Total Nacional,Fraude informático,2019,18712.0
Total Nacional,Fraude informático,2018,15542.0
Total Nacional,Fraude informático,2017,12893.0
Total Nacional,Fraude informático,2016,11494.0
Total Nacional,Fraude informático,2015,10344.0
Total Nacional,Fraude informático,2014,7884.0
Total Nacional,Fraude informático,2013,7017.0
Total Nacional,Fraude informático,2012,5938.0
Total Nacional,Fraude informático,2011,4735.0
Total Nacional,Interferencia en los datos y en el sistema,2019,63.0
Total Nacional,Interferencia en los datos y en el sistema,2018,74.0
Total Nacional,Interferencia en los datos y en el sistema,2017,77.0
Total Nacional,Interferencia en los datos y en el sistema,2016,82.0
Total Nacional,Interferencia en los datos y en el sistema,2015,66.0
Total Nacional,Interferencia en los datos y en el sistema,2014,43.0
Total Nacional,Interferencia en los datos y en el sistema,2013,48.0
Total Nacional,Interferencia en los datos y en el sistema,2012,42.0
Total Nacional,Interferencia en los datos y en el sistema,2011,40.0
Andalucía,Acceso e interceptación ilícita,2019,177.0
Andalucía,Acceso e interceptación ilícita,2018,172.0
Andalucía,Acceso e interceptación ilícita,2017,175.0
Andalucía,Acceso e interceptación ilícita,2016,175.0
Andalucía,Acceso e interceptación ilícita,2015,156.0
Andalucía,Acceso e interceptación ilícita,2014,162.0
Andalucía,Acceso e interceptación ilícita,2013,155.0
Andalucía,Acceso e interceptación ilícita,2012,136.0
Andalucía,Acceso e interceptación ilícita,2011,128.0
Andalucía,Amenazas y coacciones,2019,1887.0
Andalucía,Amenazas y coacciones,2018,1762.0
Andalucía,Amenazas y coacciones,2017,1858.0
Andalucía,Amenazas y coacciones,2016,1569.0
Andalucía,Amenazas y coacciones,2015,1603.0
Andalucía,Amenazas y coacciones,2014,1724.0
Andalucía,Amenazas y coacciones,2013,1644.0
Andalucía,Amenazas y coacciones,2012,1576.0
Andalucía,Amenazas y coacciones,2011,1613.0
Andalucía,Contra el honor,2019,198.0
Andalucía,Contra el honor,2018,204.0
Andalucía,Contra el honor,2017,236.0
Andalucía,Contra el honor,2016,225.0
Andalucía,Contra el honor,2015,308.0
Andalucía,Contra el honor,2014,290.0
Andalucía,Contra el honor,2013,286.0
Andalucía,Contra el honor,2012,264.0
Andalucía,Contra el honor,2011,256.0
Andalucía,Contra la propiedad industrial/intelectual,2019,11.0
Andalucía,Contra la propiedad industrial/intelectual,2018,19.0
Andalucía,Contra la propiedad industrial/intelectual,2017,12.0
Andalucía,Contra la propiedad industrial/intelectual,2016,11.0
Andalucía,Contra la propiedad industrial/intelectual,2015,19.0
Andalucía,Contra la propiedad industrial/intelectual,2014,24.0
Andalucía,Contra la propiedad industrial/intelectual,2013,17.0
Andalucía,Contra la propiedad industrial/intelectual,2012,24.0
Andalucía,Contra la propiedad industrial/intelectual,2011,24.0
Andalucía,Delitos sexuales,2019,198.0
Andalucía,Delitos sexuales,2018,225.0
Andalucía,Delitos sexuales,2017,223.0
Andalucía,Delitos sexuales,2016,168.0
Andalucía,Delitos sexuales,2015,195.0
Andalucía,Delitos sexuales,2014,153.0
Andalucía,Delitos sexuales,2013,129.0
Andalucía,Delitos sexuales,2012,88.0
Andalucía,Delitos sexuales,2011,66.0
Andalucía,Falsificación informática,2019,216.0
Andalucía,Falsificación informática,2018,235.0
Andalucía,Falsificación informática,2017,237.0
Andalucía,Falsificación informática,2016,216.0
Andalucía,Falsificación informática,2015,158.0
Andalucía,Falsificación informática,2014,133.0
Andalucía,Falsificación informática,2013,122.0
Andalucía,Falsificación informática,2012,106.0
Andalucía,Falsificación informática,2011,109.0
Andalucía,Fraude informático,2019,3958.0
Andalucía,Fraude informático,2018,3064.0
Andalucía,Fraude informático,2017,2649.0
Andalucía,Fraude informático,2016,2468.0
Andalucía,Fraude informático,2015,2269.0
Andalucía,Fraude informático,2014,1835.0
Andalucía,Fraude informático,2013,1615.0
Andalucía,Fraude informático,2012,1410.0
Andalucía,Fraude informático,2011,1140.0
Andalucía,Interferencia en los datos y en el sistema,2019,10.0
Andalucía,Interferencia en los datos y en el sistema,2018,11.0
Andalucía,Interferencia en los datos y en el sistema,2017,14.0
Andalucía,Interferencia en los datos y en el sistema,2016,16.0
Andalucía,Interferencia en los datos y en el sistema,2015,11.0
Andalucía,Interferencia en los datos y en el sistema,2014,11.0
Andalucía,Interferencia en los datos y en el sistema,2013,10.0
Andalucía,Interferencia en los datos y en el sistema,2012,10.0
Andalucía,Interferencia en los datos y en el sistema,2011,9.0
Aragón,Acceso e interceptación ilícita,2019,28.0
Aragón,Acceso e interceptación ilícita,2018,26.0
Aragón,Acceso e interceptación ilícita,2017,22.0
Aragón,Acceso e interceptación ilícita,2016,32.0
Aragón,Acceso e interceptación ilícita,2015,16.0
Aragón,Acceso e interceptación ilícita,2014,19.0
Aragón,Acceso e interceptación ilícita,2013,28.0
Aragón,Acceso e interceptación ilícita,2012,28.0
Aragón,Acceso e interceptación ilícita,2011,22.0
Aragón,Amenazas y coacciones,2019,235.0
Aragón,Amenazas y coacciones,2018,222.0
Aragón,Amenazas y coacciones,2017,208.0
Aragón,Amenazas y coacciones,2016,210.0
Aragón,Amenazas y coacciones,2015,188.0
Aragón,Amenazas y coacciones,2014,200.0
Aragón,Amenazas y coacciones,2013,199.0
Aragón,Amenazas y coacciones,2012,184.0
Aragón,Amenazas y coacciones,2011,230.0
Aragón,Contra el honor,2019,14.0
Aragón,Contra el honor,2018,35.0
Aragón,Contra el honor,2017,26.0
Aragón,Contra el honor,2016,40.0
Aragón,Contra el honor,2015,46.0
Aragón,Contra el honor,2014,44.0
Aragón,Contra el honor,2013,41.0
Aragón,Contra el honor,2012,46.0
Aragón,Contra el honor,2011,50.0
Aragón,Contra la propiedad industrial/intelectual,2019,2.0
Aragón,Contra la propiedad industrial/intelectual,2018,0.0
Aragón,Contra la propiedad industrial/intelectual,2017,1.0
Aragón,Contra la propiedad industrial/intelectual,2016,2.0
Aragón,Contra la propiedad industrial/intelectual,2015,2.0
Aragón,Contra la propiedad industrial/intelectual,2014,2.0
Aragón,Contra la propiedad industrial/intelectual,2013,1.0
Aragón,Contra la propiedad industrial/intelectual,2012,1.0
Aragón,Contra la propiedad industrial/intelectual,2011,1.0
Aragón,Delitos sexuales,2019,30.0
Aragón,Delitos sexuales,2018,18.0
Aragón,Delitos sexuales,2017,29.0
Aragón,Delitos sexuales,2016,20.0
Aragón,Delitos sexuales,2015,23.0
Aragón,Delitos sexuales,2014,21.0
Aragón,Delitos sexuales,2013,20.0
Aragón,Delitos sexuales,2012,15.0
Aragón,Delitos sexuales,2011,17.0
Aragón,Falsificación informática,2019,27.0
Aragón,Falsificación informática,2018,26.0
Aragón,Falsificación informática,2017,18.0
Aragón,Falsificación informática,2016,17.0
Aragón,Falsificación informática,2015,18.0
Aragón,Falsificación informática,2014,12.0
Aragón,Falsificación informática,2013,17.0
Aragón,Falsificación informática,2012,8.0
Aragón,Falsificación informática,2011,9.0
Aragón,Fraude informático,2019,505.0
Aragón,Fraude informático,2018,442.0
Aragón,Fraude informático,2017,342.0
Aragón,Fraude informático,2016,306.0
Aragón,Fraude informático,2015,245.0
Aragón,Fraude informático,2014,238.0
Aragón,Fraude informático,2013,197.0
Aragón,Fraude informático,2012,185.0
Aragón,Fraude informático,2011,152.0
Aragón,Interferencia en los datos y en el sistema,2019,2.0
Aragón,Interferencia en los datos y en el sistema,2018,4.0
Aragón,Interferencia en los datos y en el sistema,2017,2.0
Aragón,Interferencia en los datos y en el sistema,2016,0.0
Aragón,Interferencia en los datos y en el sistema,2015,2.0
Aragón,Interferencia en los datos y en el sistema,2014,1.0
Aragón,Interferencia en los datos y en el sistema,2013,3.0
Aragón,Interferencia en los datos y en el sistema,2012,1.0
Aragón,Interferencia en los datos y en el sistema,2011,1.0
Asturias,Acceso e interceptación ilícita,2019,24.0
Asturias,Acceso e interceptación ilícita,2018,12.0
Asturias,Acceso e interceptación ilícita,2017,26.0
Asturias,Acceso e interceptación ilícita,2016,17.0
Asturias,Acceso e interceptación ilícita,2015,17.0
Asturias,Acceso e interceptación ilícita,2014,16.0
Asturias,Acceso e interceptación ilícita,2013,14.0
Asturias,Acceso e interceptación ilícita,2012,13.0
Asturias,Acceso e interceptación ilícita,2011,17.0
Asturias,Amenazas y coacciones,2019,230.0
Asturias,Amenazas y coacciones,2018,186.0
Asturias,Amenazas y coacciones,2017,209.0
Asturias,Amenazas y coacciones,2016,206.0
Asturias,Amenazas y coacciones,2015,170.0
Asturias,Amenazas y coacciones,2014,183.0
Asturias,Amenazas y coacciones,2013,235.0
Asturias,Amenazas y coacciones,2012,196.0
Asturias,Amenazas y coacciones,2011,183.0
Asturias,Contra el honor,2019,22.0
Asturias,Contra el honor,2018,37.0
Asturias,Contra el honor,2017,41.0
Asturias,Contra el honor,2016,27.0
Asturias,Contra el honor,2015,41.0
Asturias,Contra el honor,2014,60.0
Asturias,Contra el honor,2013,61.0
Asturias,Contra el honor,2012,53.0
Asturias,Contra el honor,2011,33.0
Asturias,Contra la propiedad industrial/intelectual,2019,2.0
Asturias,Contra la propiedad industrial/intelectual,2018,1.0
Asturias,Contra la propiedad industrial/intelectual,2017,0.0
Asturias,Contra la propiedad industrial/intelectual,2016,2.0
Asturias,Contra la propiedad industrial/intelectual,2015,1.0
Asturias,Contra la propiedad industrial/intelectual,2014,1.0
Asturias,Contra la propiedad industrial/intelectual,2013,3.0
Asturias,Contra la propiedad industrial/intelectual,2012,2.0
Asturias,Contra la propiedad industrial/intelectual,2011,2.0
Asturias,Delitos sexuales,2019,15.0
Asturias,Delitos sexuales,2018,24.0
Asturias,Delitos sexuales,2017,13.0
Asturias,Delitos sexuales,2016,13.0
Asturias,Delitos sexuales,2015,13.0
Asturias,Delitos sexuales,2014,18.0
Asturias,Delitos sexuales,2013,17.0
Asturias,Delitos sexuales,2012,15.0
Asturias,Delitos sexuales,2011,7.0
Asturias,Falsificación informática,2019,29.0
Asturias,Falsificación informática,2018,18.0
Asturias,Falsificación informática,2017,16.0
Asturias,Falsificación informática,2016,14.0
Asturias,Falsificación informática,2015,9.0
Asturias,Falsificación informática,2014,9.0
Asturias,Falsificación informática,2013,17.0
Asturias,Falsificación informática,2012,10.0
Asturias,Falsificación informática,2011,4.0
Asturias,Fraude informático,2019,401.0
Asturias,Fraude informático,2018,316.0
Asturias,Fraude informático,2017,312.0
Asturias,Fraude informático,2016,288.0
Asturias,Fraude informático,2015,243.0
Asturias,Fraude informático,2014,197.0
Asturias,Fraude informático,2013,188.0
Asturias,Fraude informático,2012,142.0
Asturias,Fraude informático,2011,129.0
Asturias,Interferencia en los datos y en el sistema,2019,0.0
Asturias,Interferencia en los datos y en el sistema,2018,1.0
Asturias,Interferencia en los datos y en el sistema,2017,0.0
Asturias,Interferencia en los datos y en el sistema,2016,0.0
Asturias,Interferencia en los datos y en el sistema,2015,1.0
Asturias,Interferencia en los datos y en el sistema,2014,0.0
Asturias,Interferencia en los datos y en el sistema,2013,3.0
Asturias,Interferencia en los datos y en el sistema,2012,3.0
Asturias,Interferencia en los datos y en el sistema,2011,2.0
Baleares,Acceso e interceptación ilícita,2019,29.0
Baleares,Acceso e interceptación ilícita,2018,20.0
Baleares,Acceso e interceptación ilícita,2017,13.0
Baleares,Acceso e interceptación ilícita,2016,12.0
Baleares,Acceso e interceptación ilícita,2015,26.0
Baleares,Acceso e interceptación ilícita,2014,22.0
Baleares,Acceso e interceptación ilícita,2013,20.0
Baleares,Acceso e interceptación ilícita,2012,15.0
Baleares,Acceso e interceptación ilícita,2011,13.0
Baleares,Amenazas y coacciones,2019,271.0
Baleares,Amenazas y coacciones,2018,242.0
Baleares,Amenazas y coacciones,2017,268.0
Baleares,Amenazas y coacciones,2016,232.0
Baleares,Amenazas y coacciones,2015,270.0
Baleares,Amenazas y coacciones,2014,249.0
Baleares,Amenazas y coacciones,2013,219.0
Baleares,Amenazas y coacciones,2012,170.0
Baleares,Amenazas y coacciones,2011,207.0
Baleares,Contra el honor,2019,24.0
Baleares,Contra el honor,2018,19.0
Baleares,Contra el honor,2017,8.0
Baleares,Contra el honor,2016,23.0
Baleares,Contra el honor,2015,23.0
Baleares,Contra el honor,2014,34.0
Baleares,Contra el honor,2013,28.0
Baleares,Contra el honor,2012,16.0
Baleares,Contra el honor,2011,20.0
Baleares,Contra la propiedad industrial/intelectual,2019,2.0
Baleares,Contra la propiedad industrial/intelectual,2018,3.0
Baleares,Contra la propiedad industrial/intelectual,2017,1.0
Baleares,Contra la propiedad industrial/intelectual,2016,10.0
Baleares,Contra la propiedad industrial/intelectual,2015,8.0
Baleares,Contra la propiedad industrial/intelectual,2014,1.0
Baleares,Contra la propiedad industrial/intelectual,2013,3.0
Baleares,Contra la propiedad industrial/intelectual,2012,2.0
Baleares,Contra la propiedad industrial/intelectual,2011,6.0
Baleares,Delitos sexuales,2019,18.0
Baleares,Delitos sexuales,2018,26.0
Baleares,Delitos sexuales,2017,29.0
Baleares,Delitos sexuales,2016,39.0
Baleares,Delitos sexuales,2015,12.0
Baleares,Delitos sexuales,2014,25.0
Baleares,Delitos sexuales,2013,32.0
Baleares,Delitos sexuales,2012,14.0
Baleares,Delitos sexuales,2011,4.0
Baleares,Falsificación informática,2019,22.0
Baleares,Falsificación informática,2018,21.0
Baleares,Falsificación informática,2017,17.0
Baleares,Falsificación informática,2016,11.0
Baleares,Falsificación informática,2015,12.0
Baleares,Falsificación informática,2014,14.0
Baleares,Falsificación informática,2013,6.0
Baleares,Falsificación informática,2012,16.0
Baleares,Falsificación informática,2011,14.0
Baleares,Fraude informático,2019,521.0
Baleares,Fraude informático,2018,308.0
Baleares,Fraude informático,2017,241.0
Baleares,Fraude informático,2016,196.0
Baleares,Fraude informático,2015,214.0
Baleares,Fraude informático,2014,180.0
Baleares,Fraude informático,2013,211.0
Baleares,Fraude informático,2012,194.0
Baleares,Fraude informático,2011,135.0
Baleares,Interferencia en los datos y en el sistema,2019,1.0
Baleares,Interferencia en los datos y en el sistema,2018,3.0
Baleares,Interferencia en los datos y en el sistema,2017,2.0
Baleares,Interferencia en los datos y en el sistema,2016,3.0
Baleares,Interferencia en los datos y en el sistema,2015,3.0
Baleares,Interferencia en los datos y en el sistema,2014,2.0
Baleares,Interferencia en los datos y en el sistema,2013,0.0
Baleares,Interferencia en los datos y en el sistema,2012,1.0
Baleares,Interferencia en los datos y en el sistema,2011,2.0
Canarias,Acceso e interceptación ilícita,2019,83.0
Canarias,Acceso e interceptación ilícita,2018,42.0
Canarias,Acceso e interceptación ilícita,2017,44.0
Canarias,Acceso e interceptación ilícita,2016,38.0
Canarias,Acceso e interceptación ilícita,2015,37.0
Canarias,Acceso e interceptación ilícita,2014,34.0
Canarias,Acceso e interceptación ilícita,2013,31.0
Canarias,Acceso e interceptación ilícita,2012,22.0
Canarias,Acceso e interceptación ilícita,2011,23.0
Canarias,Amenazas y coacciones,2019,656.0
Canarias,Amenazas y coacciones,2018,664.0
Canarias,Amenazas y coacciones,2017,596.0
Canarias,Amenazas y coacciones,2016,621.0
Canarias,Amenazas y coacciones,2015,558.0
Canarias,Amenazas y coacciones,2014,546.0
Canarias,Amenazas y coacciones,2013,523.0
Canarias,Amenazas y coacciones,2012,556.0
Canarias,Amenazas y coacciones,2011,576.0
Canarias,Contra el honor,2019,52.0
Canarias,Contra el honor,2018,45.0
Canarias,Contra el honor,2017,41.0
Canarias,Contra el honor,2016,43.0
Canarias,Contra el honor,2015,81.0
Canarias,Contra el honor,2014,84.0
Canarias,Contra el honor,2013,54.0
Canarias,Contra el honor,2012,71.0
Canarias,Contra el honor,2011,79.0
Canarias,Contra la propiedad industrial/intelectual,2019,4.0
Canarias,Contra la propiedad industrial/intelectual,2018,3.0
Canarias,Contra la propiedad industrial/intelectual,2017,3.0
Canarias,Contra la propiedad industrial/intelectual,2016,3.0
Canarias,Contra la propiedad industrial/intelectual,2015,5.0
Canarias,Contra la propiedad industrial/intelectual,2014,2.0
Canarias,Contra la propiedad industrial/intelectual,2013,0.0
Canarias,Contra la propiedad industrial/intelectual,2012,2.0
Canarias,Contra la propiedad industrial/intelectual,2011,9.0
Canarias,Delitos sexuales,2019,88.0
Canarias,Delitos sexuales,2018,70.0
Canarias,Delitos sexuales,2017,57.0
Canarias,Delitos sexuales,2016,40.0
Canarias,Delitos sexuales,2015,46.0
Canarias,Delitos sexuales,2014,43.0
Canarias,Delitos sexuales,2013,32.0
Canarias,Delitos sexuales,2012,49.0
Canarias,Delitos sexuales,2011,24.0
Canarias,Falsificación informática,2019,79.0
Canarias,Falsificación informática,2018,51.0
Canarias,Falsificación informática,2017,126.0
Canarias,Falsificación informática,2016,42.0
Canarias,Falsificación informática,2015,36.0
Canarias,Falsificación informática,2014,31.0
Canarias,Falsificación informática,2013,19.0
Canarias,Falsificación informática,2012,16.0
Canarias,Falsificación informática,2011,17.0
Canarias,Fraude informático,2019,985.0
Canarias,Fraude informático,2018,646.0
Canarias,Fraude informático,2017,535.0
Canarias,Fraude informático,2016,386.0
Canarias,Fraude informático,2015,334.0
Canarias,Fraude informático,2014,297.0
Canarias,Fraude informático,2013,282.0
Canarias,Fraude informático,2012,271.0
Canarias,Fraude informático,2011,222.0
Canarias,Interferencia en los datos y en el sistema,2019,8.0
Canarias,Interferencia en los datos y en el sistema,2018,3.0
Canarias,Interferencia en los datos y en el sistema,2017,2.0
Canarias,Interferencia en los datos y en el sistema,2016,3.0
Canarias,Interferencia en los datos y en el sistema,2015,5.0
Canarias,Interferencia en los datos y en el sistema,2014,2.0
Canarias,Interferencia en los datos y en el sistema,2013,4.0
Canarias,Interferencia en los datos y en el sistema,2012,0.0
Canarias,Interferencia en los datos y en el sistema,2011,3.0
Cantabria,Acceso e interceptación ilícita,2019,14.0
Cantabria,Acceso e interceptación ilícita,2018,10.0
Cantabria,Acceso e interceptación ilícita,2017,9.0
Cantabria,Acceso e interceptación ilícita,2016,6.0
Cantabria,Acceso e interceptación ilícita,2015,14.0
Cantabria,Acceso e interceptación ilícita,2014,9.0
Cantabria,Acceso e interceptación ilícita,2013,20.0
Cantabria,Acceso e interceptación ilícita,2012,10.0
Cantabria,Acceso e interceptación ilícita,2011,4.0
Cantabria,Amenazas y coacciones,2019,137.0
Cantabria,Amenazas y coacciones,2018,147.0
Cantabria,Amenazas y coacciones,2017,143.0
Cantabria,Amenazas y coacciones,2016,134.0
Cantabria,Amenazas y coacciones,2015,114.0
Cantabria,Amenazas y coacciones,2014,144.0
Cantabria,Amenazas y coacciones,2013,109.0
Cantabria,Amenazas y coacciones,2012,100.0
Cantabria,Amenazas y coacciones,2011,90.0
Cantabria,Contra el honor,2019,9.0
Cantabria,Contra el honor,2018,14.0
Cantabria,Contra el honor,2017,12.0
Cantabria,Contra el honor,2016,14.0
Cantabria,Contra el honor,2015,20.0
Cantabria,Contra el honor,2014,23.0
Cantabria,Contra el honor,2013,20.0
Cantabria,Contra el honor,2012,19.0
Cantabria,Contra el honor,2011,9.0
Cantabria,Contra la propiedad industrial/intelectual,2019,0.0
Cantabria,Contra la propiedad industrial/intelectual,2018,0.0
Cantabria,Contra la propiedad industrial/intelectual,2017,0.0
Cantabria,Contra la propiedad industrial/intelectual,2016,0.0
Cantabria,Contra la propiedad industrial/intelectual,2015,3.0
Cantabria,Contra la propiedad industrial/intelectual,2014,1.0
Cantabria,Contra la propiedad industrial/intelectual,2013,2.0
Cantabria,Contra la propiedad industrial/intelectual,2012,0.0
Cantabria,Contra la propiedad industrial/intelectual,2011,0.0
Cantabria,Delitos sexuales,2019,11.0
Cantabria,Delitos sexuales,2018,9.0
Cantabria,Delitos sexuales,2017,9.0
Cantabria,Delitos sexuales,2016,11.0
Cantabria,Delitos sexuales,2015,12.0
Cantabria,Delitos sexuales,2014,5.0
Cantabria,Delitos sexuales,2013,3.0
Cantabria,Delitos sexuales,2012,4.0
Cantabria,Delitos sexuales,2011,4.0
Cantabria,Falsificación informática,2019,14.0
Cantabria,Falsificación informática,2018,9.0
Cantabria,Falsificación informática,2017,7.0
Cantabria,Falsificación informática,2016,12.0
Cantabria,Falsificación informática,2015,2.0
Cantabria,Falsificación informática,2014,5.0
Cantabria,Falsificación informática,2013,3.0
Cantabria,Falsificación informática,2012,5.0
Cantabria,Falsificación informática,2011,4.0
Cantabria,Fraude informático,2019,230.0
Cantabria,Fraude informático,2018,178.0
Cantabria,Fraude informático,2017,191.0
Cantabria,Fraude informático,2016,177.0
Cantabria,Fraude informático,2015,153.0
Cantabria,Fraude informático,2014,141.0
Cantabria,Fraude informático,2013,110.0
Cantabria,Fraude informático,2012,96.0
Cantabria,Fraude informático,2011,75.0
Cantabria,Interferencia en los datos y en el sistema,2019,1.0
Cantabria,Interferencia en los datos y en el sistema,2018,2.0
Cantabria,Interferencia en los datos y en el sistema,2017,1.0
Cantabria,Interferencia en los datos y en el sistema,2016,1.0
Cantabria,Interferencia en los datos y en el sistema,2015,0.0
Cantabria,Interferencia en los datos y en el sistema,2014,0.0
Cantabria,Interferencia en los datos y en el sistema,2013,2.0
Cantabria,Interferencia en los datos y en el sistema,2012,0.0
Cantabria,Interferencia en los datos y en el sistema,2011,0.0
Castilla y León,Acceso e interceptación ilícita,2019,48.0
Castilla y León,Acceso e interceptación ilícita,2018,40.0
Castilla y León,Acceso e interceptación ilícita,2017,37.0
Castilla y León,Acceso e interceptación ilícita,2016,41.0
Castilla y León,Acceso e interceptación ilícita,2015,35.0
Castilla y León,Acceso e interceptación ilícita,2014,27.0
Castilla y León,Acceso e interceptación ilícita,2013,34.0
Castilla y León,Acceso e interceptación ilícita,2012,17.0
Castilla y León,Acceso e interceptación ilícita,2011,21.0
Castilla y León,Amenazas y coacciones,2019,560.0
Castilla y León,Amenazas y coacciones,2018,541.0
Castilla y León,Amenazas y coacciones,2017,516.0
Castilla y León,Amenazas y coacciones,2016,513.0
Castilla y León,Amenazas y coacciones,2015,441.0
Castilla y León,Amenazas y coacciones,2014,481.0
Castilla y León,Amenazas y coacciones,2013,461.0
Castilla y León,Amenazas y coacciones,2012,475.0
Castilla y León,Amenazas y coacciones,2011,518.0
Castilla y León,Contra el honor,2019,58.0
Castilla y León,Contra el honor,2018,60.0
Castilla y León,Contra el honor,2017,61.0
Castilla y León,Contra el honor,2016,58.0
Castilla y León,Contra el honor,2015,86.0
Castilla y León,Contra el honor,2014,102.0
Castilla y León,Contra el honor,2013,101.0
Castilla y León,Contra el honor,2012,102.0
Castilla y León,Contra el honor,2011,88.0
Castilla y León,Contra la propiedad industrial/intelectual,2019,1.0
Castilla y León,Contra la propiedad industrial/intelectual,2018,32.0
Castilla y León,Contra la propiedad industrial/intelectual,2017,6.0
Castilla y León,Contra la propiedad industrial/intelectual,2016,2.0
Castilla y León,Contra la propiedad industrial/intelectual,2015,5.0
Castilla y León,Contra la propiedad industrial/intelectual,2014,3.0
Castilla y León,Contra la propiedad industrial/intelectual,2013,2.0
Castilla y León,Contra la propiedad industrial/intelectual,2012,4.0
Castilla y León,Contra la propiedad industrial/intelectual,2011,21.0
Castilla y León,Delitos sexuales,2019,69.0
Castilla y León,Delitos sexuales,2018,46.0
Castilla y León,Delitos sexuales,2017,45.0
Castilla y León,Delitos sexuales,2016,40.0
Castilla y León,Delitos sexuales,2015,25.0
Castilla y León,Delitos sexuales,2014,30.0
Castilla y León,Delitos sexuales,2013,11.0
Castilla y León,Delitos sexuales,2012,23.0
Castilla y León,Delitos sexuales,2011,15.0
Castilla y León,Falsificación informática,2019,92.0
Castilla y León,Falsificación informática,2018,88.0
Castilla y León,Falsificación informática,2017,58.0
Castilla y León,Falsificación informática,2016,47.0
Castilla y León,Falsificación informática,2015,42.0
Castilla y León,Falsificación informática,2014,33.0
Castilla y León,Falsificación informática,2013,20.0
Castilla y León,Falsificación informática,2012,11.0
Castilla y León,Falsificación informática,2011,13.0
Castilla y León,Fraude informático,2019,1239.0
Castilla y León,Fraude informático,2018,1032.0
Castilla y León,Fraude informático,2017,914.0
Castilla y León,Fraude informático,2016,759.0
Castilla y León,Fraude informático,2015,655.0
Castilla y León,Fraude informático,2014,594.0
Castilla y León,Fraude informático,2013,484.0
Castilla y León,Fraude informático,2012,413.0
Castilla y León,Fraude informático,2011,287.0
Castilla y León,Interferencia en los datos y en el sistema,2019,3.0
Castilla y León,Interferencia en los datos y en el sistema,2018,2.0
Castilla y León,Interferencia en los datos y en el sistema,2017,6.0
Castilla y León,Interferencia en los datos y en el sistema,2016,9.0
Castilla y León,Interferencia en los datos y en el sistema,2015,4.0
Castilla y León,Interferencia en los datos y en el sistema,2014,0.0
Castilla y León,Interferencia en los datos y en el sistema,2013,1.0
Castilla y León,Interferencia en los datos y en el sistema,2012,2.0
Castilla y León,Interferencia en los datos y en el sistema,2011,6.0
Castilla - La Mancha,Acceso e interceptación ilícita,2019,47.0
Castilla - La Mancha,Acceso e interceptación ilícita,2018,31.0
Castilla - La Mancha,Acceso e interceptación ilícita,2017,34.0
Castilla - La Mancha,Acceso e interceptación ilícita,2016,33.0
Castilla - La Mancha,Acceso e interceptación ilícita,2015,36.0
Castilla - La Mancha,Acceso e interceptación ilícita,2014,36.0
Castilla - La Mancha,Acceso e interceptación ilícita,2013,48.0
Castilla - La Mancha,Acceso e interceptación ilícita,2012,28.0
Castilla - La Mancha,Acceso e interceptación ilícita,2011,24.0
Castilla - La Mancha,Amenazas y coacciones,2019,419.0
Castilla - La Mancha,Amenazas y coacciones,2018,441.0
Castilla - La Mancha,Amenazas y coacciones,2017,435.0
Castilla - La Mancha,Amenazas y coacciones,2016,419.0
Castilla - La Mancha,Amenazas y coacciones,2015,413.0
Castilla - La Mancha,Amenazas y coacciones,2014,434.0
Castilla - La Mancha,Amenazas y coacciones,2013,441.0
Castilla - La Mancha,Amenazas y coacciones,2012,402.0
Castilla - La Mancha,Amenazas y coacciones,2011,426.0
Castilla - La Mancha,Contra el honor,2019,60.0
Castilla - La Mancha,Contra el honor,2018,62.0
Castilla - La Mancha,Contra el honor,2017,85.0
Castilla - La Mancha,Contra el honor,2016,96.0
Castilla - La Mancha,Contra el honor,2015,114.0
Castilla - La Mancha,Contra el honor,2014,125.0
Castilla - La Mancha,Contra el honor,2013,107.0
Castilla - La Mancha,Contra el honor,2012,97.0
Castilla - La Mancha,Contra el honor,2011,78.0
Castilla - La Mancha,Contra la propiedad industrial/intelectual,2019,3.0
Castilla - La Mancha,Contra la propiedad industrial/intelectual,2018,10.0
Castilla - La Mancha,Contra la propiedad industrial/intelectual,2017,8.0
Castilla - La Mancha,Contra la propiedad industrial/intelectual,2016,5.0
Castilla - La Mancha,Contra la propiedad industrial/intelectual,2015,4.0
Castilla - La Mancha,Contra la propiedad industrial/intelectual,2014,3.0
Castilla - La Mancha,Contra la propiedad industrial/intelectual,2013,4.0
Castilla - La Mancha,Contra la propiedad industrial/intelectual,2012,4.0
Castilla - La Mancha,Contra la propiedad industrial/intelectual,2011,7.0
Castilla - La Mancha,Delitos sexuales,2019,53.0
Castilla - La Mancha,Delitos sexuales,2018,44.0
Castilla - La Mancha,Delitos sexuales,2017,44.0
Castilla - La Mancha,Delitos sexuales,2016,40.0
Castilla - La Mancha,Delitos sexuales,2015,34.0
Castilla - La Mancha,Delitos sexuales,2014,26.0
Castilla - La Mancha,Delitos sexuales,2013,17.0
Castilla - La Mancha,Delitos sexuales,2012,22.0
Castilla - La Mancha,Delitos sexuales,2011,17.0
Castilla - La Mancha,Falsificación informática,2019,106.0
Castilla - La Mancha,Falsificación informática,2018,114.0
Castilla - La Mancha,Falsificación informática,2017,88.0
Castilla - La Mancha,Falsificación informática,2016,59.0
Castilla - La Mancha,Falsificación informática,2015,55.0
Castilla - La Mancha,Falsificación informática,2014,50.0
Castilla - La Mancha,Falsificación informática,2013,41.0
Castilla - La Mancha,Falsificación informática,2012,36.0
Castilla - La Mancha,Falsificación informática,2011,46.0
Castilla - La Mancha,Fraude informático,2019,1045.0
Castilla - La Mancha,Fraude informático,2018,873.0
Castilla - La Mancha,Fraude informático,2017,695.0
Castilla - La Mancha,Fraude informático,2016,643.0
Castilla - La Mancha,Fraude informático,2015,654.0
Castilla - La Mancha,Fraude informático,2014,501.0
Castilla - La Mancha,Fraude informático,2013,524.0
Castilla - La Mancha,Fraude informático,2012,353.0
Castilla - La Mancha,Fraude informático,2011,320.0
Castilla - La Mancha,Interferencia en los datos y en el sistema,2019,4.0
Castilla - La Mancha,Interferencia en los datos y en el sistema,2018,3.0
Castilla - La Mancha,Interferencia en los datos y en el sistema,2017,2.0
Castilla - La Mancha,Interferencia en los datos y en el sistema,2016,4.0
Castilla - La Mancha,Interferencia en los datos y en el sistema,2015,7.0
Castilla - La Mancha,Interferencia en los datos y en el sistema,2014,3.0
Castilla - La Mancha,Interferencia en los datos y en el sistema,2013,2.0
Castilla - La Mancha,Interferencia en los datos y en el sistema,2012,1.0
Castilla - La Mancha,Interferencia en los datos y en el sistema,2011,2.0
Cataluña,Acceso e interceptación ilícita,2019,93.0
Cataluña,Acceso e interceptación ilícita,2018,108.0
Cataluña,Acceso e interceptación ilícita,2017,121.0
Cataluña,Acceso e interceptación ilícita,2016,117.0
Cataluña,Acceso e interceptación ilícita,2015,92.0
Cataluña,Acceso e interceptación ilícita,2014,8.0
Cataluña,Acceso e interceptación ilícita,2013,6.0
Cataluña,Acceso e interceptación ilícita,2012,6.0
Cataluña,Acceso e interceptación ilícita,2011,4.0
Cataluña,Amenazas y coacciones,2019,155.0
Cataluña,Amenazas y coacciones,2018,162.0
Cataluña,Amenazas y coacciones,2017,137.0
Cataluña,Amenazas y coacciones,2016,113.0
Cataluña,Amenazas y coacciones,2015,132.0
Cataluña,Amenazas y coacciones,2014,23.0
Cataluña,Amenazas y coacciones,2013,25.0
Cataluña,Amenazas y coacciones,2012,21.0
Cataluña,Amenazas y coacciones,2011,10.0
Cataluña,Contra el honor,2019,9.0
Cataluña,Contra el honor,2018,13.0
Cataluña,Contra el honor,2017,13.0
Cataluña,Contra el honor,2016,16.0
Cataluña,Contra el honor,2015,49.0
Cataluña,Contra el honor,2014,4.0
Cataluña,Contra el honor,2013,9.0
Cataluña,Contra el honor,2012,11.0
Cataluña,Contra el honor,2011,5.0
Cataluña,Contra la propiedad industrial/intelectual,2019,8.0
Cataluña,Contra la propiedad industrial/intelectual,2018,38.0
Cataluña,Contra la propiedad industrial/intelectual,2017,19.0
Cataluña,Contra la propiedad industrial/intelectual,2016,13.0
Cataluña,Contra la propiedad industrial/intelectual,2015,27.0
Cataluña,Contra la propiedad industrial/intelectual,2014,55.0
Cataluña,Contra la propiedad industrial/intelectual,2013,36.0
Cataluña,Contra la propiedad industrial/intelectual,2012,16.0
Cataluña,Contra la propiedad industrial/intelectual,2011,22.0
Cataluña,Delitos sexuales,2019,118.0
Cataluña,Delitos sexuales,2018,127.0
Cataluña,Delitos sexuales,2017,72.0
Cataluña,Delitos sexuales,2016,86.0
Cataluña,Delitos sexuales,2015,112.0
Cataluña,Delitos sexuales,2014,58.0
Cataluña,Delitos sexuales,2013,37.0
Cataluña,Delitos sexuales,2012,61.0
Cataluña,Delitos sexuales,2011,65.0
Cataluña,Falsificación informática,2019,24.0
Cataluña,Falsificación informática,2018,31.0
Cataluña,Falsificación informática,2017,49.0
Cataluña,Falsificación informática,2016,34.0
Cataluña,Falsificación informática,2015,32.0
Cataluña,Falsificación informática,2014,24.0
Cataluña,Falsificación informática,2013,17.0
Cataluña,Falsificación informática,2012,15.0
Cataluña,Falsificación informática,2011,13.0
Cataluña,Fraude informático,2019,2298.0
Cataluña,Fraude informático,2018,2641.0
Cataluña,Fraude informático,2017,2270.0
Cataluña,Fraude informático,2016,1822.0
Cataluña,Fraude informático,2015,1617.0
Cataluña,Fraude informático,2014,346.0
Cataluña,Fraude informático,2013,366.0
Cataluña,Fraude informático,2012,310.0
Cataluña,Fraude informático,2011,246.0
Cataluña,Interferencia en los datos y en el sistema,2019,8.0
Cataluña,Interferencia en los datos y en el sistema,2018,8.0
Cataluña,Interferencia en los datos y en el sistema,2017,12.0
Cataluña,Interferencia en los datos y en el sistema,2016,5.0
Cataluña,Interferencia en los datos y en el sistema,2015,7.0
Cataluña,Interferencia en los datos y en el sistema,2014,0.0
Cataluña,Interferencia en los datos y en el sistema,2013,2.0
Cataluña,Interferencia en los datos y en el sistema,2012,4.0
Cataluña,Interferencia en los datos y en el sistema,2011,1.0
Comunidad Valenciana,Acceso e interceptación ilícita,2019,104.0
Comunidad Valenciana,Acceso e interceptación ilícita,2018,311.0
Comunidad Valenciana,Acceso e interceptación ilícita,2017,91.0
Comunidad Valenciana,Acceso e interceptación ilícita,2016,101.0
Comunidad Valenciana,Acceso e interceptación ilícita,2015,82.0
Comunidad Valenciana,Acceso e interceptación ilícita,2014,63.0
Comunidad Valenciana,Acceso e interceptación ilícita,2013,63.0
Comunidad Valenciana,Acceso e interceptación ilícita,2012,61.0
Comunidad Valenciana,Acceso e interceptación ilícita,2011,39.0
Comunidad Valenciana,Amenazas y coacciones,2019,1056.0
Comunidad Valenciana,Amenazas y coacciones,2018,1052.0
Comunidad Valenciana,Amenazas y coacciones,2017,1015.0
Comunidad Valenciana,Amenazas y coacciones,2016,911.0
Comunidad Valenciana,Amenazas y coacciones,2015,851.0
Comunidad Valenciana,Amenazas y coacciones,2014,892.0
Comunidad Valenciana,Amenazas y coacciones,2013,805.0
Comunidad Valenciana,Amenazas y coacciones,2012,785.0
Comunidad Valenciana,Amenazas y coacciones,2011,722.0
Comunidad Valenciana,Contra el honor,2019,133.0
Comunidad Valenciana,Contra el honor,2018,128.0
Comunidad Valenciana,Contra el honor,2017,145.0
Comunidad Valenciana,Contra el honor,2016,145.0
Comunidad Valenciana,Contra el honor,2015,198.0
Comunidad Valenciana,Contra el honor,2014,201.0
Comunidad Valenciana,Contra el honor,2013,190.0
Comunidad Valenciana,Contra el honor,2012,177.0
Comunidad Valenciana,Contra el honor,2011,136.0
Comunidad Valenciana,Contra la propiedad industrial/intelectual,2019,16.0
Comunidad Valenciana,Contra la propiedad industrial/intelectual,2018,36.0
Comunidad Valenciana,Contra la propiedad industrial/intelectual,2017,20.0
Comunidad Valenciana,Contra la propiedad industrial/intelectual,2016,11.0
Comunidad Valenciana,Contra la propiedad industrial/intelectual,2015,16.0
Comunidad Valenciana,Contra la propiedad industrial/intelectual,2014,13.0
Comunidad Valenciana,Contra la propiedad industrial/intelectual,2013,14.0
Comunidad Valenciana,Contra la propiedad industrial/intelectual,2012,20.0
Comunidad Valenciana,Contra la propiedad industrial/intelectual,2011,16.0
Comunidad Valenciana,Delitos sexuales,2019,167.0
Comunidad Valenciana,Delitos sexuales,2018,125.0
Comunidad Valenciana,Delitos sexuales,2017,117.0
Comunidad Valenciana,Delitos sexuales,2016,136.0
Comunidad Valenciana,Delitos sexuales,2015,186.0
Comunidad Valenciana,Delitos sexuales,2014,105.0
Comunidad Valenciana,Delitos sexuales,2013,90.0
Comunidad Valenciana,Delitos sexuales,2012,70.0
Comunidad Valenciana,Delitos sexuales,2011,69.0
Comunidad Valenciana,Falsificación informática,2019,200.0
Comunidad Valenciana,Falsificación informática,2018,183.0
Comunidad Valenciana,Falsificación informática,2017,177.0
Comunidad Valenciana,Falsificación informática,2016,164.0
Comunidad Valenciana,Falsificación informática,2015,108.0
Comunidad Valenciana,Falsificación informática,2014,70.0
Comunidad Valenciana,Falsificación informática,2013,55.0
Comunidad Valenciana,Falsificación informática,2012,67.0
Comunidad Valenciana,Falsificación informática,2011,51.0
Comunidad Valenciana,Fraude informático,2019,2430.0
Comunidad Valenciana,Fraude informático,2018,2086.0
Comunidad Valenciana,Fraude informático,2017,1547.0
Comunidad Valenciana,Fraude informático,2016,1412.0
Comunidad Valenciana,Fraude informático,2015,1264.0
Comunidad Valenciana,Fraude informático,2014,1101.0
Comunidad Valenciana,Fraude informático,2013,864.0
Comunidad Valenciana,Fraude informático,2012,712.0
Comunidad Valenciana,Fraude informático,2011,524.0
Comunidad Valenciana,Interferencia en los datos y en el sistema,2019,8.0
Comunidad Valenciana,Interferencia en los datos y en el sistema,2018,14.0
Comunidad Valenciana,Interferencia en los datos y en el sistema,2017,13.0
Comunidad Valenciana,Interferencia en los datos y en el sistema,2016,15.0
Comunidad Valenciana,Interferencia en los datos y en el sistema,2015,11.0
Comunidad Valenciana,Interferencia en los datos y en el sistema,2014,7.0
Comunidad Valenciana,Interferencia en los datos y en el sistema,2013,6.0
Comunidad Valenciana,Interferencia en los datos y en el sistema,2012,7.0
Comunidad Valenciana,Interferencia en los datos y en el sistema,2011,4.0
Extremadura,Acceso e interceptación ilícita,2019,21.0
Extremadura,Acceso e interceptación ilícita,2018,22.0
Extremadura,Acceso e interceptación ilícita,2017,26.0
Extremadura,Acceso e interceptación ilícita,2016,20.0
Extremadura,Acceso e interceptación ilícita,2015,30.0
Extremadura,Acceso e interceptación ilícita,2014,15.0
Extremadura,Acceso e interceptación ilícita,2013,29.0
Extremadura,Acceso e interceptación ilícita,2012,24.0
Extremadura,Acceso e interceptación ilícita,2011,24.0
Extremadura,Amenazas y coacciones,2019,207.0
Extremadura,Amenazas y coacciones,2018,211.0
Extremadura,Amenazas y coacciones,2017,209.0
Extremadura,Amenazas y coacciones,2016,162.0
Extremadura,Amenazas y coacciones,2015,158.0
Extremadura,Amenazas y coacciones,2014,153.0
Extremadura,Amenazas y coacciones,2013,144.0
Extremadura,Amenazas y coacciones,2012,119.0
Extremadura,Amenazas y coacciones,2011,118.0
Extremadura,Contra el honor,2019,32.0
Extremadura,Contra el honor,2018,31.0
Extremadura,Contra el honor,2017,38.0
Extremadura,Contra el honor,2016,22.0
Extremadura,Contra el honor,2015,41.0
Extremadura,Contra el honor,2014,56.0
Extremadura,Contra el honor,2013,35.0
Extremadura,Contra el honor,2012,29.0
Extremadura,Contra el honor,2011,49.0
Extremadura,Contra la propiedad industrial/intelectual,2019,10.0
Extremadura,Contra la propiedad industrial/intelectual,2018,14.0
Extremadura,Contra la propiedad industrial/intelectual,2017,1.0
Extremadura,Contra la propiedad industrial/intelectual,2016,1.0
Extremadura,Contra la propiedad industrial/intelectual,2015,2.0
Extremadura,Contra la propiedad industrial/intelectual,2014,2.0
Extremadura,Contra la propiedad industrial/intelectual,2013,3.0
Extremadura,Contra la propiedad industrial/intelectual,2012,6.0
Extremadura,Contra la propiedad industrial/intelectual,2011,4.0
Extremadura,Delitos sexuales,2019,17.0
Extremadura,Delitos sexuales,2018,19.0
Extremadura,Delitos sexuales,2017,24.0
Extremadura,Delitos sexuales,2016,21.0
Extremadura,Delitos sexuales,2015,24.0
Extremadura,Delitos sexuales,2014,24.0
Extremadura,Delitos sexuales,2013,11.0
Extremadura,Delitos sexuales,2012,9.0
Extremadura,Delitos sexuales,2011,11.0
Extremadura,Falsificación informática,2019,41.0
Extremadura,Falsificación informática,2018,32.0
Extremadura,Falsificación informática,2017,30.0
Extremadura,Falsificación informática,2016,22.0
Extremadura,Falsificación informática,2015,18.0
Extremadura,Falsificación informática,2014,10.0
Extremadura,Falsificación informática,2013,31.0
Extremadura,Falsificación informática,2012,29.0
Extremadura,Falsificación informática,2011,17.0
Extremadura,Fraude informático,2019,345.0
Extremadura,Fraude informático,2018,281.0
Extremadura,Fraude informático,2017,287.0
Extremadura,Fraude informático,2016,268.0
Extremadura,Fraude informático,2015,239.0
Extremadura,Fraude informático,2014,187.0
Extremadura,Fraude informático,2013,175.0
Extremadura,Fraude informático,2012,193.0
Extremadura,Fraude informático,2011,131.0
Extremadura,Interferencia en los datos y en el sistema,2019,1.0
Extremadura,Interferencia en los datos y en el sistema,2018,3.0
Extremadura,Interferencia en los datos y en el sistema,2017,0.0
Extremadura,Interferencia en los datos y en el sistema,2016,0.0
Extremadura,Interferencia en los datos y en el sistema,2015,1.0
Extremadura,Interferencia en los datos y en el sistema,2014,0.0
Extremadura,Interferencia en los datos y en el sistema,2013,0.0
Extremadura,Interferencia en los datos y en el sistema,2012,2.0
Extremadura,Interferencia en los datos y en el sistema,2011,2.0
Galicia,Acceso e interceptación ilícita,2019,72.0
Galicia,Acceso e interceptación ilícita,2018,35.0
Galicia,Acceso e interceptación ilícita,2017,63.0
Galicia,Acceso e interceptación ilícita,2016,50.0
Galicia,Acceso e interceptación ilícita,2015,47.0
Galicia,Acceso e interceptación ilícita,2014,57.0
Galicia,Acceso e interceptación ilícita,2013,41.0
Galicia,Acceso e interceptación ilícita,2012,36.0
Galicia,Acceso e interceptación ilícita,2011,19.0
Galicia,Amenazas y coacciones,2019,528.0
Galicia,Amenazas y coacciones,2018,576.0
Galicia,Amenazas y coacciones,2017,598.0
Galicia,Amenazas y coacciones,2016,561.0
Galicia,Amenazas y coacciones,2015,563.0
Galicia,Amenazas y coacciones,2014,562.0
Galicia,Amenazas y coacciones,2013,534.0
Galicia,Amenazas y coacciones,2012,576.0
Galicia,Amenazas y coacciones,2011,510.0
Galicia,Contra el honor,2019,74.0
Galicia,Contra el honor,2018,87.0
Galicia,Contra el honor,2017,84.0
Galicia,Contra el honor,2016,80.0
Galicia,Contra el honor,2015,118.0
Galicia,Contra el honor,2014,135.0
Galicia,Contra el honor,2013,98.0
Galicia,Contra el honor,2012,93.0
Galicia,Contra el honor,2011,86.0
Galicia,Contra la propiedad industrial/intelectual,2019,41.0
Galicia,Contra la propiedad industrial/intelectual,2018,5.0
Galicia,Contra la propiedad industrial/intelectual,2017,3.0
Galicia,Contra la propiedad industrial/intelectual,2016,4.0
Galicia,Contra la propiedad industrial/intelectual,2015,10.0
Galicia,Contra la propiedad industrial/intelectual,2014,7.0
Galicia,Contra la propiedad industrial/intelectual,2013,4.0
Galicia,Contra la propiedad industrial/intelectual,2012,6.0
Galicia,Contra la propiedad industrial/intelectual,2011,5.0
Galicia,Delitos sexuales,2019,61.0
Galicia,Delitos sexuales,2018,46.0
Galicia,Delitos sexuales,2017,45.0
Galicia,Delitos sexuales,2016,53.0
Galicia,Delitos sexuales,2015,44.0
Galicia,Delitos sexuales,2014,36.0
Galicia,Delitos sexuales,2013,33.0
Galicia,Delitos sexuales,2012,27.0
Galicia,Delitos sexuales,2011,20.0
Galicia,Falsificación informática,2019,67.0
Galicia,Falsificación informática,2018,72.0
Galicia,Falsificación informática,2017,66.0
Galicia,Falsificación informática,2016,45.0
Galicia,Falsificación informática,2015,29.0
Galicia,Falsificación informática,2014,34.0
Galicia,Falsificación informática,2013,26.0
Galicia,Falsificación informática,2012,20.0
Galicia,Falsificación informática,2011,18.0
Galicia,Fraude informático,2019,1053.0
Galicia,Fraude informático,2018,877.0
Galicia,Fraude informático,2017,763.0
Galicia,Fraude informático,2016,646.0
Galicia,Fraude informático,2015,622.0
Galicia,Fraude informático,2014,481.0
Galicia,Fraude informático,2013,497.0
Galicia,Fraude informático,2012,433.0
Galicia,Fraude informático,2011,350.0
Galicia,Interferencia en los datos y en el sistema,2019,5.0
Galicia,Interferencia en los datos y en el sistema,2018,4.0
Galicia,Interferencia en los datos y en el sistema,2017,5.0
Galicia,Interferencia en los datos y en el sistema,2016,5.0
Galicia,Interferencia en los datos y en el sistema,2015,2.0
Galicia,Interferencia en los datos y en el sistema,2014,5.0
Galicia,Interferencia en los datos y en el sistema,2013,3.0
Galicia,Interferencia en los datos y en el sistema,2012,2.0
Galicia,Interferencia en los datos y en el sistema,2011,4.0
Comunidad de Madrid,Acceso e interceptación ilícita,2019,168.0
Comunidad de Madrid,Acceso e interceptación ilícita,2018,118.0
Comunidad de Madrid,Acceso e interceptación ilícita,2017,104.0
Comunidad de Madrid,Acceso e interceptación ilícita,2016,112.0
Comunidad de Madrid,Acceso e interceptación ilícita,2015,85.0
Comunidad de Madrid,Acceso e interceptación ilícita,2014,81.0
Comunidad de Madrid,Acceso e interceptación ilícita,2013,69.0
Comunidad de Madrid,Acceso e interceptación ilícita,2012,117.0
Comunidad de Madrid,Acceso e interceptación ilícita,2011,52.0
Comunidad de Madrid,Amenazas y coacciones,2019,1073.0
Comunidad de Madrid,Amenazas y coacciones,2018,1032.0
Comunidad de Madrid,Amenazas y coacciones,2017,953.0
Comunidad de Madrid,Amenazas y coacciones,2016,927.0
Comunidad de Madrid,Amenazas y coacciones,2015,809.0
Comunidad de Madrid,Amenazas y coacciones,2014,720.0
Comunidad de Madrid,Amenazas y coacciones,2013,711.0
Comunidad de Madrid,Amenazas y coacciones,2012,785.0
Comunidad de Madrid,Amenazas y coacciones,2011,802.0
Comunidad de Madrid,Contra el honor,2019,62.0
Comunidad de Madrid,Contra el honor,2018,74.0
Comunidad de Madrid,Contra el honor,2017,75.0
Comunidad de Madrid,Contra el honor,2016,67.0
Comunidad de Madrid,Contra el honor,2015,74.0
Comunidad de Madrid,Contra el honor,2014,55.0
Comunidad de Madrid,Contra el honor,2013,57.0
Comunidad de Madrid,Contra el honor,2012,42.0
Comunidad de Madrid,Contra el honor,2011,50.0
Comunidad de Madrid,Contra la propiedad industrial/intelectual,2019,24.0
Comunidad de Madrid,Contra la propiedad industrial/intelectual,2018,7.0
Comunidad de Madrid,Contra la propiedad industrial/intelectual,2017,9.0
Comunidad de Madrid,Contra la propiedad industrial/intelectual,2016,9.0
Comunidad de Madrid,Contra la propiedad industrial/intelectual,2015,12.0
Comunidad de Madrid,Contra la propiedad industrial/intelectual,2014,11.0
Comunidad de Madrid,Contra la propiedad industrial/intelectual,2013,20.0
Comunidad de Madrid,Contra la propiedad industrial/intelectual,2012,11.0
Comunidad de Madrid,Contra la propiedad industrial/intelectual,2011,50.0
Comunidad de Madrid,Delitos sexuales,2019,180.0
Comunidad de Madrid,Delitos sexuales,2018,160.0
Comunidad de Madrid,Delitos sexuales,2017,125.0
Comunidad de Madrid,Delitos sexuales,2016,92.0
Comunidad de Madrid,Delitos sexuales,2015,99.0
Comunidad de Madrid,Delitos sexuales,2014,65.0
Comunidad de Madrid,Delitos sexuales,2013,78.0
Comunidad de Madrid,Delitos sexuales,2012,63.0
Comunidad de Madrid,Delitos sexuales,2011,45.0
Comunidad de Madrid,Falsificación informática,2019,108.0
Comunidad de Madrid,Falsificación informática,2018,92.0
Comunidad de Madrid,Falsificación informática,2017,83.0
Comunidad de Madrid,Falsificación informática,2016,61.0
Comunidad de Madrid,Falsificación informática,2015,129.0
Comunidad de Madrid,Falsificación informática,2014,50.0
Comunidad de Madrid,Falsificación informática,2013,41.0
Comunidad de Madrid,Falsificación informática,2012,68.0
Comunidad de Madrid,Falsificación informática,2011,42.0
Comunidad de Madrid,Fraude informático,2019,2432.0
Comunidad de Madrid,Fraude informático,2018,1714.0
Comunidad de Madrid,Fraude informático,2017,1201.0
Comunidad de Madrid,Fraude informático,2016,1201.0
Comunidad de Madrid,Fraude informático,2015,1052.0
Comunidad de Madrid,Fraude informático,2014,1033.0
Comunidad de Madrid,Fraude informático,2013,785.0
Comunidad de Madrid,Fraude informático,2012,684.0
Comunidad de Madrid,Fraude informático,2011,545.0
Comunidad de Madrid,Interferencia en los datos y en el sistema,2019,10.0
Comunidad de Madrid,Interferencia en los datos y en el sistema,2018,13.0
Comunidad de Madrid,Interferencia en los datos y en el sistema,2017,13.0
Comunidad de Madrid,Interferencia en los datos y en el sistema,2016,13.0
Comunidad de Madrid,Interferencia en los datos y en el sistema,2015,10.0
Comunidad de Madrid,Interferencia en los datos y en el sistema,2014,5.0
Comunidad de Madrid,Interferencia en los datos y en el sistema,2013,7.0
Comunidad de Madrid,Interferencia en los datos y en el sistema,2012,6.0
Comunidad de Madrid,Interferencia en los datos y en el sistema,2011,3.0
Murcia,Acceso e interceptación ilícita,2019,32.0
Murcia,Acceso e interceptación ilícita,2018,31.0
Murcia,Acceso e interceptación ilícita,2017,17.0
Murcia,Acceso e interceptación ilícita,2016,17.0
Murcia,Acceso e interceptación ilícita,2015,22.0
Murcia,Acceso e interceptación ilícita,2014,16.0
Murcia,Acceso e interceptación ilícita,2013,16.0
Murcia,Acceso e interceptación ilícita,2012,23.0
Murcia,Acceso e interceptación ilícita,2011,13.0
Murcia,Amenazas y coacciones,2019,249.0
Murcia,Amenazas y coacciones,2018,212.0
Murcia,Amenazas y coacciones,2017,252.0
Murcia,Amenazas y coacciones,2016,206.0
Murcia,Amenazas y coacciones,2015,197.0
Murcia,Amenazas y coacciones,2014,181.0
Murcia,Amenazas y coacciones,2013,172.0
Murcia,Amenazas y coacciones,2012,201.0
Murcia,Amenazas y coacciones,2011,227.0
Murcia,Contra el honor,2019,37.0
Murcia,Contra el honor,2018,19.0
Murcia,Contra el honor,2017,25.0
Murcia,Contra el honor,2016,27.0
Murcia,Contra el honor,2015,51.0
Murcia,Contra el honor,2014,42.0
Murcia,Contra el honor,2013,29.0
Murcia,Contra el honor,2012,37.0
Murcia,Contra el honor,2011,30.0
Murcia,Contra la propiedad industrial/intelectual,2019,4.0
Murcia,Contra la propiedad industrial/intelectual,2018,10.0
Murcia,Contra la propiedad industrial/intelectual,2017,2.0
Murcia,Contra la propiedad industrial/intelectual,2016,1.0
Murcia,Contra la propiedad industrial/intelectual,2015,1.0
Murcia,Contra la propiedad industrial/intelectual,2014,1.0
Murcia,Contra la propiedad industrial/intelectual,2013,1.0
Murcia,Contra la propiedad industrial/intelectual,2012,0.0
Murcia,Contra la propiedad industrial/intelectual,2011,1.0
Murcia,Delitos sexuales,2019,42.0
Murcia,Delitos sexuales,2018,34.0
Murcia,Delitos sexuales,2017,31.0
Murcia,Delitos sexuales,2016,27.0
Murcia,Delitos sexuales,2015,25.0
Murcia,Delitos sexuales,2014,31.0
Murcia,Delitos sexuales,2013,10.0
Murcia,Delitos sexuales,2012,6.0
Murcia,Delitos sexuales,2011,12.0
Murcia,Falsificación informática,2019,49.0
Murcia,Falsificación informática,2018,36.0
Murcia,Falsificación informática,2017,28.0
Murcia,Falsificación informática,2016,24.0
Murcia,Falsificación informática,2015,15.0
Murcia,Falsificación informática,2014,6.0
Murcia,Falsificación informática,2013,9.0
Murcia,Falsificación informática,2012,28.0
Murcia,Falsificación informática,2011,25.0
Murcia,Fraude informático,2019,472.0
Murcia,Fraude informático,2018,400.0
Murcia,Fraude informático,2017,300.0
Murcia,Fraude informático,2016,287.0
Murcia,Fraude informático,2015,263.0
Murcia,Fraude informático,2014,227.0
Murcia,Fraude informático,2013,155.0
Murcia,Fraude informático,2012,145.0
Murcia,Fraude informático,2011,91.0
Murcia,Interferencia en los datos y en el sistema,2019,2.0
Murcia,Interferencia en los datos y en el sistema,2018,1.0
Murcia,Interferencia en los datos y en el sistema,2017,2.0
Murcia,Interferencia en los datos y en el sistema,2016,2.0
Murcia,Interferencia en los datos y en el sistema,2015,0.0
Murcia,Interferencia en los datos y en el sistema,2014,3.0
Murcia,Interferencia en los datos y en el sistema,2013,1.0
Murcia,Interferencia en los datos y en el sistema,2012,1.0
Murcia,Interferencia en los datos y en el sistema,2011,0.0
Navarra,Acceso e interceptación ilícita,2019,26.0
Navarra,Acceso e interceptación ilícita,2018,11.0
Navarra,Acceso e interceptación ilícita,2017,20.0
Navarra,Acceso e interceptación ilícita,2016,45.0
Navarra,Acceso e interceptación ilícita,2015,9.0
Navarra,Acceso e interceptación ilícita,2014,12.0
Navarra,Acceso e interceptación ilícita,2013,8.0
Navarra,Acceso e interceptación ilícita,2012,13.0
Navarra,Acceso e interceptación ilícita,2011,7.0
Navarra,Amenazas y coacciones,2019,100.0
Navarra,Amenazas y coacciones,2018,90.0
Navarra,Amenazas y coacciones,2017,117.0
Navarra,Amenazas y coacciones,2016,167.0
Navarra,Amenazas y coacciones,2015,149.0
Navarra,Amenazas y coacciones,2014,142.0
Navarra,Amenazas y coacciones,2013,122.0
Navarra,Amenazas y coacciones,2012,90.0
Navarra,Amenazas y coacciones,2011,69.0
Navarra,Contra el honor,2019,16.0
Navarra,Contra el honor,2018,10.0
Navarra,Contra el honor,2017,14.0
Navarra,Contra el honor,2016,47.0
Navarra,Contra el honor,2015,28.0
Navarra,Contra el honor,2014,30.0
Navarra,Contra el honor,2013,49.0
Navarra,Contra el honor,2012,23.0
Navarra,Contra el honor,2011,10.0
Navarra,Contra la propiedad industrial/intelectual,2019,0.0
Navarra,Contra la propiedad industrial/intelectual,2018,1.0
Navarra,Contra la propiedad industrial/intelectual,2017,1.0
Navarra,Contra la propiedad industrial/intelectual,2016,4.0
Navarra,Contra la propiedad industrial/intelectual,2015,3.0
Navarra,Contra la propiedad industrial/intelectual,2014,12.0
Navarra,Contra la propiedad industrial/intelectual,2013,0.0
Navarra,Contra la propiedad industrial/intelectual,2012,2.0
Navarra,Contra la propiedad industrial/intelectual,2011,0.0
Navarra,Delitos sexuales,2019,18.0
Navarra,Delitos sexuales,2018,16.0
Navarra,Delitos sexuales,2017,15.0
Navarra,Delitos sexuales,2016,18.0
Navarra,Delitos sexuales,2015,11.0
Navarra,Delitos sexuales,2014,10.0
Navarra,Delitos sexuales,2013,6.0
Navarra,Delitos sexuales,2012,6.0
Navarra,Delitos sexuales,2011,4.0
Navarra,Falsificación informática,2019,14.0
Navarra,Falsificación informática,2018,12.0
Navarra,Falsificación informática,2017,11.0
Navarra,Falsificación informática,2016,13.0
Navarra,Falsificación informática,2015,8.0
Navarra,Falsificación informática,2014,6.0
Navarra,Falsificación informática,2013,7.0
Navarra,Falsificación informática,2012,7.0
Navarra,Falsificación informática,2011,2.0
Navarra,Fraude informático,2019,238.0
Navarra,Fraude informático,2018,226.0
Navarra,Fraude informático,2017,222.0
Navarra,Fraude informático,2016,248.0
Navarra,Fraude informático,2015,161.0
Navarra,Fraude informático,2014,174.0
Navarra,Fraude informático,2013,157.0
Navarra,Fraude informático,2012,82.0
Navarra,Fraude informático,2011,66.0
Navarra,Interferencia en los datos y en el sistema,2019,0.0
Navarra,Interferencia en los datos y en el sistema,2018,0.0
Navarra,Interferencia en los datos y en el sistema,2017,2.0
Navarra,Interferencia en los datos y en el sistema,2016,2.0
Navarra,Interferencia en los datos y en el sistema,2015,1.0
Navarra,Interferencia en los datos y en el sistema,2014,1.0
Navarra,Interferencia en los datos y en el sistema,2013,2.0
Navarra,Interferencia en los datos y en el sistema,2012,0.0
Navarra,Interferencia en los datos y en el sistema,2011,0.0
País Vasco,Acceso e interceptación ilícita,2019,7.0
País Vasco,Acceso e interceptación ilícita,2018,3.0
País Vasco,Acceso e interceptación ilícita,2017,1.0
País Vasco,Acceso e interceptación ilícita,2016,6.0
País Vasco,Acceso e interceptación ilícita,2015,3.0
País Vasco,Acceso e interceptación ilícita,2014,2.0
País Vasco,Acceso e interceptación ilícita,2013,1.0
País Vasco,Acceso e interceptación ilícita,2012,0.0
País Vasco,Acceso e interceptación ilícita,2011,0.0
País Vasco,Amenazas y coacciones,2019,14.0
País Vasco,Amenazas y coacciones,2018,13.0
País Vasco,Amenazas y coacciones,2017,12.0
País Vasco,Amenazas y coacciones,2016,9.0
País Vasco,Amenazas y coacciones,2015,14.0
País Vasco,Amenazas y coacciones,2014,18.0
País Vasco,Amenazas y coacciones,2013,11.0
País Vasco,Amenazas y coacciones,2012,11.0
País Vasco,Amenazas y coacciones,2011,4.0
País Vasco,Contra el honor,2019,1.0
País Vasco,Contra el honor,2018,2.0
País Vasco,Contra el honor,2017,3.0
País Vasco,Contra el honor,2016,2.0
País Vasco,Contra el honor,2015,1.0
País Vasco,Contra el honor,2014,3.0
País Vasco,Contra el honor,2013,2.0
País Vasco,Contra el honor,2012,1.0
País Vasco,Contra el honor,2011,1.0
País Vasco,Contra la propiedad industrial/intelectual,2019,0.0
País Vasco,Contra la propiedad industrial/intelectual,2018,0.0
País Vasco,Contra la propiedad industrial/intelectual,2017,0.0
País Vasco,Contra la propiedad industrial/intelectual,2016,0.0
País Vasco,Contra la propiedad industrial/intelectual,2015,9.0
País Vasco,Contra la propiedad industrial/intelectual,2014,3.0
País Vasco,Contra la propiedad industrial/intelectual,2013,1.0
País Vasco,Contra la propiedad industrial/intelectual,2012,4.0
País Vasco,Contra la propiedad industrial/intelectual,2011,1.0
País Vasco,Delitos sexuales,2019,25.0
País Vasco,Delitos sexuales,2018,21.0
País Vasco,Delitos sexuales,2017,26.0
País Vasco,Delitos sexuales,2016,27.0
País Vasco,Delitos sexuales,2015,21.0
País Vasco,Delitos sexuales,2014,11.0
País Vasco,Delitos sexuales,2013,7.0
País Vasco,Delitos sexuales,2012,16.0
País Vasco,Delitos sexuales,2011,19.0
País Vasco,Falsificación informática,2019,4.0
País Vasco,Falsificación informática,2018,6.0
País Vasco,Falsificación informática,2017,3.0
País Vasco,Falsificación informática,2016,3.0
País Vasco,Falsificación informática,2015,6.0
País Vasco,Falsificación informática,2014,1.0
País Vasco,Falsificación informática,2013,3.0
País Vasco,Falsificación informática,2012,3.0
País Vasco,Falsificación informática,2011,2.0
País Vasco,Fraude informático,2019,133.0
País Vasco,Fraude informático,2018,123.0
País Vasco,Fraude informático,2017,132.0
País Vasco,Fraude informático,2016,99.0
País Vasco,Fraude informático,2015,84.0
País Vasco,Fraude informático,2014,95.0
País Vasco,Fraude informático,2013,114.0
País Vasco,Fraude informático,2012,61.0
País Vasco,Fraude informático,2011,58.0
País Vasco,Interferencia en los datos y en el sistema,2019,0.0
País Vasco,Interferencia en los datos y en el sistema,2018,1.0
País Vasco,Interferencia en los datos y en el sistema,2017,0.0
País Vasco,Interferencia en los datos y en el sistema,2016,1.0
País Vasco,Interferencia en los datos y en el sistema,2015,1.0
País Vasco,Interferencia en los datos y en el sistema,2014,0.0
País Vasco,Interferencia en los datos y en el sistema,2013,1.0
País Vasco,Interferencia en los datos y en el sistema,2012,0.0
País Vasco,Interferencia en los datos y en el sistema,2011,0.0
La Rioja,Acceso e interceptación ilícita,2019,15.0
La Rioja,Acceso e interceptación ilícita,2018,6.0
La Rioja,Acceso e interceptación ilícita,2017,4.0
La Rioja,Acceso e interceptación ilícita,2016,4.0
La Rioja,Acceso e interceptación ilícita,2015,3.0
La Rioja,Acceso e interceptación ilícita,2014,12.0
La Rioja,Acceso e interceptación ilícita,2013,5.0
La Rioja,Acceso e interceptación ilícita,2012,3.0
La Rioja,Acceso e interceptación ilícita,2011,7.0
La Rioja,Amenazas y coacciones,2019,35.0
La Rioja,Amenazas y coacciones,2018,46.0
La Rioja,Amenazas y coacciones,2017,28.0
La Rioja,Amenazas y coacciones,2016,32.0
La Rioja,Amenazas y coacciones,2015,29.0
La Rioja,Amenazas y coacciones,2014,41.0
La Rioja,Amenazas y coacciones,2013,33.0
La Rioja,Amenazas y coacciones,2012,35.0
La Rioja,Amenazas y coacciones,2011,32.0
La Rioja,Contra el honor,2019,8.0
La Rioja,Contra el honor,2018,3.0
La Rioja,Contra el honor,2017,7.0
La Rioja,Contra el honor,2016,5.0
La Rioja,Contra el honor,2015,8.0
La Rioja,Contra el honor,2014,8.0
La Rioja,Contra el honor,2013,4.0
La Rioja,Contra el honor,2012,5.0
La Rioja,Contra el honor,2011,8.0
La Rioja,Contra la propiedad industrial/intelectual,2019,1.0
La Rioja,Contra la propiedad industrial/intelectual,2018,0.0
La Rioja,Contra la propiedad industrial/intelectual,2017,1.0
La Rioja,Contra la propiedad industrial/intelectual,2016,0.0
La Rioja,Contra la propiedad industrial/intelectual,2015,0.0
La Rioja,Contra la propiedad industrial/intelectual,2014,1.0
La Rioja,Contra la propiedad industrial/intelectual,2013,1.0
La Rioja,Contra la propiedad industrial/intelectual,2012,0.0
La Rioja,Contra la propiedad industrial/intelectual,2011,0.0
La Rioja,Delitos sexuales,2019,6.0
La Rioja,Delitos sexuales,2018,8.0
La Rioja,Delitos sexuales,2017,3.0
La Rioja,Delitos sexuales,2016,4.0
La Rioja,Delitos sexuales,2015,2.0
La Rioja,Delitos sexuales,2014,5.0
La Rioja,Delitos sexuales,2013,5.0
La Rioja,Delitos sexuales,2012,5.0
La Rioja,Delitos sexuales,2011,2.0
La Rioja,Falsificación informática,2019,5.0
La Rioja,Falsificación informática,2018,6.0
La Rioja,Falsificación informática,2017,0.0
La Rioja,Falsificación informática,2016,5.0
La Rioja,Falsificación informática,2015,2.0
La Rioja,Falsificación informática,2014,5.0
La Rioja,Falsificación informática,2013,4.0
La Rioja,Falsificación informática,2012,5.0
La Rioja,Falsificación informática,2011,0.0
La Rioja,Fraude informático,2019,66.0
La Rioja,Fraude informático,2018,87.0
La Rioja,Fraude informático,2017,33.0
La Rioja,Fraude informático,2016,34.0
La Rioja,Fraude informático,2015,32.0
La Rioja,Fraude informático,2014,31.0
La Rioja,Fraude informático,2013,34.0
La Rioja,Fraude informático,2012,35.0
La Rioja,Fraude informático,2011,26.0
La Rioja,Interferencia en los datos y en el sistema,2019,0.0
La Rioja,Interferencia en los datos y en el sistema,2018,0.0
La Rioja,Interferencia en los datos y en el sistema,2017,0.0
La Rioja,Interferencia en los datos y en el sistema,2016,2.0
La Rioja,Interferencia en los datos y en el sistema,2015,0.0
La Rioja,Interferencia en los datos y en el sistema,2014,2.0
La Rioja,Interferencia en los datos y en el sistema,2013,0.0
La Rioja,Interferencia en los datos y en el sistema,2012,2.0
La Rioja,Interferencia en los datos y en el sistema,2011,0.0
Ceuta,Acceso e interceptación ilícita,2019,1.0
Ceuta,Acceso e interceptación ilícita,2018,0.0
Ceuta,Acceso e interceptación ilícita,2017,7.0
Ceuta,Acceso e interceptación ilícita,2016,9.0
Ceuta,Acceso e interceptación ilícita,2015,4.0
Ceuta,Acceso e interceptación ilícita,2014,3.0
Ceuta,Acceso e interceptación ilícita,2013,8.0
Ceuta,Acceso e interceptación ilícita,2012,5.0
Ceuta,Acceso e interceptación ilícita,2011,0.0
Ceuta,Amenazas y coacciones,2019,22.0
Ceuta,Amenazas y coacciones,2018,13.0
Ceuta,Amenazas y coacciones,2017,14.0
Ceuta,Amenazas y coacciones,2016,23.0
Ceuta,Amenazas y coacciones,2015,15.0
Ceuta,Amenazas y coacciones,2014,13.0
Ceuta,Amenazas y coacciones,2013,16.0
Ceuta,Amenazas y coacciones,2012,17.0
Ceuta,Amenazas y coacciones,2011,14.0
Ceuta,Contra el honor,2019,4.0
Ceuta,Contra el honor,2018,2.0
Ceuta,Contra el honor,2017,2.0
Ceuta,Contra el honor,2016,2.0
Ceuta,Contra el honor,2015,4.0
Ceuta,Contra el honor,2014,10.0
Ceuta,Contra el honor,2013,2.0
Ceuta,Contra el honor,2012,9.0
Ceuta,Contra el honor,2011,12.0
Ceuta,Contra la propiedad industrial/intelectual,2019,0.0
Ceuta,Contra la propiedad industrial/intelectual,2018,0.0
Ceuta,Contra la propiedad industrial/intelectual,2017,0.0
Ceuta,Contra la propiedad industrial/intelectual,2016,0.0
Ceuta,Contra la propiedad industrial/intelectual,2015,0.0
Ceuta,Contra la propiedad industrial/intelectual,2014,0.0
Ceuta,Contra la propiedad industrial/intelectual,2013,0.0
Ceuta,Contra la propiedad industrial/intelectual,2012,0.0
Ceuta,Contra la propiedad industrial/intelectual,2011,1.0
Ceuta,Delitos sexuales,2019,0.0
Ceuta,Delitos sexuales,2018,3.0
Ceuta,Delitos sexuales,2017,1.0
Ceuta,Delitos sexuales,2016,3.0
Ceuta,Delitos sexuales,2015,0.0
Ceuta,Delitos sexuales,2014,2.0
Ceuta,Delitos sexuales,2013,2.0
Ceuta,Delitos sexuales,2012,1.0
Ceuta,Delitos sexuales,2011,0.0
Ceuta,Falsificación informática,2019,0.0
Ceuta,Falsificación informática,2018,0.0
Ceuta,Falsificación informática,2017,1.0
Ceuta,Falsificación informática,2016,7.0
Ceuta,Falsificación informática,2015,2.0
Ceuta,Falsificación informática,2014,7.0
Ceuta,Falsificación informática,2013,5.0
Ceuta,Falsificación informática,2012,3.0
Ceuta,Falsificación informática,2011,4.0
Ceuta,Fraude informático,2019,26.0
Ceuta,Fraude informático,2018,25.0
Ceuta,Fraude informático,2017,39.0
Ceuta,Fraude informático,2016,50.0
Ceuta,Fraude informático,2015,54.0
Ceuta,Fraude informático,2014,45.0
Ceuta,Fraude informático,2013,26.0
Ceuta,Fraude informático,2012,34.0
Ceuta,Fraude informático,2011,34.0
Ceuta,Interferencia en los datos y en el sistema,2019,0.0
Ceuta,Interferencia en los datos y en el sistema,2018,0.0
Ceuta,Interferencia en los datos y en el sistema,2017,0.0
Ceuta,Interferencia en los datos y en el sistema,2016,0.0
Ceuta,Interferencia en los datos y en el sistema,2015,0.0
Ceuta,Interferencia en los datos y en el sistema,2014,0.0
Ceuta,Interferencia en los datos y en el sistema,2013,0.0
Ceuta,Interferencia en los datos y en el sistema,2012,0.0
Ceuta,Interferencia en los datos y en el sistema,2011,0.0
Melilla,Acceso e interceptación ilícita,2019,2.0
Melilla,Acceso e interceptación ilícita,2018,0.0
Melilla,Acceso e interceptación ilícita,2017,0.0
Melilla,Acceso e interceptación ilícita,2016,2.0
Melilla,Acceso e interceptación ilícita,2015,2.0
Melilla,Acceso e interceptación ilícita,2014,0.0
Melilla,Acceso e interceptación ilícita,2013,1.0
Melilla,Acceso e interceptación ilícita,2012,0.0
Melilla,Acceso e interceptación ilícita,2011,0.0
Melilla,Amenazas y coacciones,2019,21.0
Melilla,Amenazas y coacciones,2018,22.0
Melilla,Amenazas y coacciones,2017,14.0
Melilla,Amenazas y coacciones,2016,17.0
Melilla,Amenazas y coacciones,2015,22.0
Melilla,Amenazas y coacciones,2014,14.0
Melilla,Amenazas y coacciones,2013,9.0
Melilla,Amenazas y coacciones,2012,10.0
Melilla,Amenazas y coacciones,2011,10.0
Melilla,Contra el honor,2019,5.0
Melilla,Contra el honor,2018,3.0
Melilla,Contra el honor,2017,0.0
Melilla,Contra el honor,2016,3.0
Melilla,Contra el honor,2015,3.0
Melilla,Contra el honor,2014,6.0
Melilla,Contra el honor,2013,2.0
Melilla,Contra el honor,2012,0.0
Melilla,Contra el honor,2011,1.0
Melilla,Contra la propiedad industrial/intelectual,2019,1.0
Melilla,Contra la propiedad industrial/intelectual,2018,0.0
Melilla,Contra la propiedad industrial/intelectual,2017,0.0
Melilla,Contra la propiedad industrial/intelectual,2016,0.0
Melilla,Contra la propiedad industrial/intelectual,2015,0.0
Melilla,Contra la propiedad industrial/intelectual,2014,0.0
Melilla,Contra la propiedad industrial/intelectual,2013,0.0
Melilla,Contra la propiedad industrial/intelectual,2012,0.0
Melilla,Contra la propiedad industrial/intelectual,2011,0.0
Melilla,Delitos sexuales,2019,0.0
Melilla,Delitos sexuales,2018,0.0
Melilla,Delitos sexuales,2017,4.0
Melilla,Delitos sexuales,2016,0.0
Melilla,Delitos sexuales,2015,0.0
Melilla,Delitos sexuales,2014,1.0
Melilla,Delitos sexuales,2013,1.0
Melilla,Delitos sexuales,2012,1.0
Melilla,Delitos sexuales,2011,0.0
Melilla,Falsificación informática,2019,1.0
Melilla,Falsificación informática,2018,1.0
Melilla,Falsificación informática,2017,2.0
Melilla,Falsificación informática,2016,0.0
Melilla,Falsificación informática,2015,2.0
Melilla,Falsificación informática,2014,0.0
Melilla,Falsificación informática,2013,0.0
Melilla,Falsificación informática,2012,0.0
Melilla,Falsificación informática,2011,0.0
Melilla,Fraude informático,2019,51.0
Melilla,Fraude informático,2018,58.0
Melilla,Fraude informático,2017,15.0
Melilla,Fraude informático,2016,12.0
Melilla,Fraude informático,2015,7.0
Melilla,Fraude informático,2014,14.0
Melilla,Fraude informático,2013,12.0
Melilla,Fraude informático,2012,11.0
Melilla,Fraude informático,2011,10.0
Melilla,Interferencia en los datos y en el sistema,2019,0.0
Melilla,Interferencia en los datos y en el sistema,2018,0.0
Melilla,Interferencia en los datos y en el sistema,2017,0.0
Melilla,Interferencia en los datos y en el sistema,2016,0.0
Melilla,Interferencia en los datos y en el sistema,2015,0.0
Melilla,Interferencia en los datos y en el sistema,2014,1.0
Melilla,Interferencia en los datos y en el sistema,2013,0.0
Melilla,Interferencia en los datos y en el sistema,2012,0.0
Melilla,Interferencia en los datos y en el sistema,2011,0.0
En el extranjero,Acceso e interceptación ilícita,2019,7.0
En el extranjero,Acceso e interceptación ilícita,2018,1.0
En el extranjero,Acceso e interceptación ilícita,2017,5.0
En el extranjero,Acceso e interceptación ilícita,2016,8.0
En el extranjero,Acceso e interceptación ilícita,2015,8.0
En el extranjero,Acceso e interceptación ilícita,2014,2.0
En el extranjero,Acceso e interceptación ilícita,2013,2.0
En el extranjero,Acceso e interceptación ilícita,2012,4.0
En el extranjero,Acceso e interceptación ilícita,2011,3.0
En el extranjero,Amenazas y coacciones,2019,38.0
En el extranjero,Amenazas y coacciones,2018,34.0
En el extranjero,Amenazas y coacciones,2017,36.0
En el extranjero,Amenazas y coacciones,2016,38.0
En el extranjero,Amenazas y coacciones,2015,37.0
En el extranjero,Amenazas y coacciones,2014,36.0
En el extranjero,Amenazas y coacciones,2013,21.0
En el extranjero,Amenazas y coacciones,2012,24.0
En el extranjero,Amenazas y coacciones,2011,28.0
En el extranjero,Contra el honor,2019,3.0
En el extranjero,Contra el honor,2018,3.0
En el extranjero,Contra el honor,2017,1.0
En el extranjero,Contra el honor,2016,1.0
En el extranjero,Contra el honor,2015,2.0
En el extranjero,Contra el honor,2014,5.0
En el extranjero,Contra el honor,2013,3.0
En el extranjero,Contra el honor,2012,0.0
En el extranjero,Contra el honor,2011,2.0
En el extranjero,Contra la propiedad industrial/intelectual,2019,0.0
En el extranjero,Contra la propiedad industrial/intelectual,2018,0.0
En el extranjero,Contra la propiedad industrial/intelectual,2017,1.0
En el extranjero,Contra la propiedad industrial/intelectual,2016,0.0
En el extranjero,Contra la propiedad industrial/intelectual,2015,0.0
En el extranjero,Contra la propiedad industrial/intelectual,2014,0.0
En el extranjero,Contra la propiedad industrial/intelectual,2013,0.0
En el extranjero,Contra la propiedad industrial/intelectual,2012,0.0
En el extranjero,Contra la propiedad industrial/intelectual,2011,0.0
En el extranjero,Delitos sexuales,2019,10.0
En el extranjero,Delitos sexuales,2018,3.0
En el extranjero,Delitos sexuales,2017,1.0
En el extranjero,Delitos sexuales,2016,1.0
En el extranjero,Delitos sexuales,2015,1.0
En el extranjero,Delitos sexuales,2014,7.0
En el extranjero,Delitos sexuales,2013,1.0
En el extranjero,Delitos sexuales,2012,2.0
En el extranjero,Delitos sexuales,2011,5.0
En el extranjero,Falsificación informática,2019,0.0
En el extranjero,Falsificación informática,2018,3.0
En el extranjero,Falsificación informática,2017,6.0
En el extranjero,Falsificación informática,2016,0.0
En el extranjero,Falsificación informática,2015,1.0
En el extranjero,Falsificación informática,2014,4.0
En el extranjero,Falsificación informática,2013,4.0
En el extranjero,Falsificación informática,2012,2.0
En el extranjero,Falsificación informática,2011,2.0
En el extranjero,Fraude informático,2019,284.0
En el extranjero,Fraude informático,2018,165.0
En el extranjero,Fraude informático,2017,205.0
En el extranjero,Fraude informático,2016,192.0
En el extranjero,Fraude informático,2015,182.0
En el extranjero,Fraude informático,2014,167.0
En el extranjero,Fraude informático,2013,221.0
En el extranjero,Fraude informático,2012,174.0
En el extranjero,Fraude informático,2011,193.0
En el extranjero,Interferencia en los datos y en el sistema,2019,0.0
En el extranjero,Interferencia en los datos y en el sistema,2018,1.0
En el extranjero,Interferencia en los datos y en el sistema,2017,1.0
En el extranjero,Interferencia en los datos y en el sistema,2016,1.0
En el extranjero,Interferencia en los datos y en el sistema,2015,0.0
En el extranjero,Interferencia en los datos y en el sistema,2014,0.0
En el extranjero,Interferencia en los datos y en el sistema,2013,1.0
En el extranjero,Interferencia en los datos y en el sistema,2012,0.0
En el extranjero,Interferencia en los datos y en el sistema,2011,1.0
Desconocida,Acceso e interceptación ilícita,2019,0.0
Desconocida,Acceso e interceptación ilícita,2018,0.0
Desconocida,Acceso e interceptación ilícita,2017,0.0
Desconocida,Acceso e interceptación ilícita,2016,0.0
Desconocida,Acceso e interceptación ilícita,2015,0.0
Desconocida,Acceso e interceptación ilícita,2014,0.0
Desconocida,Acceso e interceptación ilícita,2013,0.0
Desconocida,Acceso e interceptación ilícita,2012,0.0
Desconocida,Acceso e interceptación ilícita,2011,0.0
Desconocida,Amenazas y coacciones,2019,0.0
Desconocida,Amenazas y coacciones,2018,0.0
Desconocida,Amenazas y coacciones,2017,0.0
Desconocida,Amenazas y coacciones,2016,0.0
Desconocida,Amenazas y coacciones,2015,0.0
Desconocida,Amenazas y coacciones,2014,0.0
Desconocida,Amenazas y coacciones,2013,0.0
Desconocida,Amenazas y coacciones,2012,0.0
Desconocida,Amenazas y coacciones,2011,1.0
Desconocida,Contra el honor,2019,0.0
Desconocida,Contra el honor,2018,0.0
Desconocida,Contra el honor,2017,0.0
Desconocida,Contra el honor,2016,0.0
Desconocida,Contra el honor,2015,0.0
Desconocida,Contra el honor,2014,0.0
Desconocida,Contra el honor,2013,0.0
Desconocida,Contra el honor,2012,0.0
Desconocida,Contra el honor,2011,1.0
Desconocida,Contra la propiedad industrial/intelectual,2019,0.0
Desconocida,Contra la propiedad industrial/intelectual,2018,0.0
Desconocida,Contra la propiedad industrial/intelectual,2017,0.0
Desconocida,Contra la propiedad industrial/intelectual,2016,0.0
Desconocida,Contra la propiedad industrial/intelectual,2015,0.0
Desconocida,Contra la propiedad industrial/intelectual,2014,0.0
Desconocida,Contra la propiedad industrial/intelectual,2013,0.0
Desconocida,Contra la propiedad industrial/intelectual,2012,0.0
Desconocida,Contra la propiedad industrial/intelectual,2011,0.0
Desconocida,Delitos sexuales,2019,0.0
Desconocida,Delitos sexuales,2018,0.0
Desconocida,Delitos sexuales,2017,0.0
Desconocida,Delitos sexuales,2016,0.0
Desconocida,Delitos sexuales,2015,0.0
Desconocida,Delitos sexuales,2014,0.0
Desconocida,Delitos sexuales,2013,1.0
Desconocida,Delitos sexuales,2012,0.0
Desconocida,Delitos sexuales,2011,0.0
Desconocida,Falsificación informática,2019,0.0
Desconocida,Falsificación informática,2018,0.0
Desconocida,Falsificación informática,2017,0.0
Desconocida,Falsificación informática,2016,0.0
Desconocida,Falsificación informática,2015,0.0
Desconocida,Falsificación informática,2014,0.0
Desconocida,Falsificación informática,2013,0.0
Desconocida,Falsificación informática,2012,0.0
Desconocida,Falsificación informática,2011,0.0
Desconocida,Fraude informático,2019,0.0
Desconocida,Fraude informático,2018,0.0
Desconocida,Fraude informático,2017,0.0
Desconocida,Fraude informático,2016,0.0
Desconocida,Fraude informático,2015,0.0
Desconocida,Fraude informático,2014,0.0
Desconocida,Fraude informático,2013,0.0
Desconocida,Fraude informático,2012,0.0
Desconocida,Fraude informático,2011,1.0
Desconocida,Interferencia en los datos y en el sistema,2019,0.0
Desconocida,Interferencia en los datos y en el sistema,2018,0.0
Desconocida,Interferencia en los datos y en el sistema,2017,0.0
Desconocida,Interferencia en los datos y en el sistema,2016,0.0
Desconocida,Interferencia en los datos y en el sistema,2015,0.0
Desconocida,Interferencia en los datos y en el sistema,2014,0.0
Desconocida,Interferencia en los datos y en el sistema,2013,0.0
Desconocida,Interferencia en los datos y en el sistema,2012,0.0
Desconocida,Interferencia en los datos y en el sistema,2011,0.0
